Brand,Title,Price
Birde,ZenG Stylish Memory Foam Soft Comfortable LightWeight R...,₹383
JQR,"EAST Sports shoes, Walking, Lightweight, Trekking, Styl...",₹694
AJANTA,Casual PVC Waterproof Loafers For Men,₹307
Zixer,Exclusive High Top Dancing Shoe/Funky Dancing Sneaker S...,₹797
Abros,MOONLIGHT-PRO Running Shoes For Men,"₹1,187"
Abros,INTER CEPTOR-2 Running Shoes For Men,₹878
NIKE,Air Max Bolt Sneakers For Women,"₹8,595"
Roadster,NA Canvas Shoes For Women,"₹1,199"
PRO KVH,Bang Cricket Shoe Light Weight Durable Economical Crick...,"₹1,251"
CAMPUS,CRYSTA PRO Running Shoes For Men,₹714
